WKT,Layer,Provinsi,Nama,Jenis,Alamat,Latitude,Longitude
"POINT (112.7506859 -7.0250074)",Jawa Timur,Jawa Timur,Kabupaten Bangkalan,Kabupaten,Kabupaten Bangkalan, Jawa Timur, Indonesia,-7.0250074,112.7506859
"POINT (114.369 -8.2194247)",Jawa Timur,Jawa Timur,Kabupaten Banyuwangi,Kabupaten,Kabupaten Banyuwangi, Jawa Timur, Indonesia,-8.2194247,114.369
"POINT (112.2172068 -8.168739)",Jawa Timur,Jawa Timur,Kabupaten Blitar,Kabupaten,Kabupaten Blitar, Jawa Timur, Indonesia,-8.168739,112.2172068
"POINT (111.8861798 -7.1527252)",Jawa Timur,Jawa Timur,Kabupaten Bojonegoro,Kabupaten,Kabupaten Bojonegoro, Jawa Timur, Indonesia,-7.1527252,111.8861798
"POINT (113.8225749 -7.9145908)",Jawa Timur,Jawa Timur,Kabupaten Bondowoso,Kabupaten,Kabupaten Bondowoso, Jawa Timur, Indonesia,-7.9145908,113.8225749
"POINT (112.6517166 -7.1656452)",Jawa Timur,Jawa Timur,Kabupaten Gresik,Kabupaten,Kabupaten Gresik, Jawa Timur, Indonesia,-7.1656452,112.6517166
"POINT (113.70103 -8.1739081)",Jawa Timur,Jawa Timur,Kabupaten Jember,Kabupaten,Kabupaten Jember, Jawa Timur, Indonesia,-8.1739081,113.70103
"POINT (112.332392 -7.51726)",Jawa Timur,Jawa Timur,Kabupaten Jombang,Kabupaten,Kabupaten Jombang, Jawa Timur, Indonesia,-7.51726,112.332392
"POINT (112.2504249 -7.8077124)",Jawa Timur,Jawa Timur,Kabupaten Kediri,Kabupaten,Kabupaten Kediri, Jawa Timur, Indonesia,-7.8077124,112.2504249
"POINT (112.4149353 -7.1182966)",Jawa Timur,Jawa Timur,Kabupaten Lamongan,Kabupaten,Kabupaten Lamongan, Jawa Timur, Indonesia,-7.1182966,112.4149353
"POINT (113.2237336 -8.1305523)",Jawa Timur,Jawa Timur,Kabupaten Lumajang,Kabupaten,Kabupaten Lumajang, Jawa Timur, Indonesia,-8.1305523,113.2237336
"POINT (111.5265707 -7.7495474)",Jawa Timur,Jawa Timur,Kabupaten Madiun,Kabupaten,Kabupaten Madiun, Jawa Timur, Indonesia,-7.7495474,111.5265707
"POINT (111.327684 -7.6555718)",Jawa Timur,Jawa Timur,Kabupaten Magetan,Kabupaten,Kabupaten Magetan, Jawa Timur, Indonesia,-7.6555718,111.327684
"POINT (112.6172971 -8.1690654)",Jawa Timur,Jawa Timur,Kabupaten Malang,Kabupaten,Kabupaten Malang, Jawa Timur, Indonesia,-8.1690654,112.6172971
"POINT (112.5422666 -7.5049359)",Jawa Timur,Jawa Timur,Kabupaten Mojokerto,Kabupaten,Kabupaten Mojokerto, Jawa Timur, Indonesia,-7.5049359,112.5422666
"POINT (111.8992704 -7.6044665)",Jawa Timur,Jawa Timur,Kabupaten Nganjuk,Kabupaten,Kabupaten Nganjuk, Jawa Timur, Indonesia,-7.6044665,111.8992704
"POINT (111.4315893 -7.407022)",Jawa Timur,Jawa Timur,Kabupaten Ngawi,Kabupaten,Kabupaten Ngawi, Jawa Timur, Indonesia,-7.407022,111.4315893
"POINT (111.1054074 -8.1802053)",Jawa Timur,Jawa Timur,Kabupaten Pacitan,Kabupaten,Kabupaten Pacitan, Jawa Timur, Indonesia,-8.1802053,111.1054074
"POINT (113.4736914 -7.1544645)",Jawa Timur,Jawa Timur,Kabupaten Pamekasan,Kabupaten,Kabupaten Pamekasan, Jawa Timur, Indonesia,-7.1544645,113.4736914
"POINT (112.9787929 -7.7753712)",Jawa Timur,Jawa Timur,Kabupaten Pasuruan,Kabupaten,Kabupaten Pasuruan, Jawa Timur, Indonesia,-7.7753712,112.9787929
"POINT (111.4662656 -7.8671092)",Jawa Timur,Jawa Timur,Kabupaten Ponorogo,Kabupaten,Kabupaten Ponorogo, Jawa Timur, Indonesia,-7.8671092,111.4662656
"POINT (113.1811173 -7.8483709)",Jawa Timur,Jawa Timur,Kabupaten Probolinggo,Kabupaten,Kabupaten Probolinggo, Jawa Timur, Indonesia,-7.8483709,113.1811173
"POINT (113.2473392 -7.1913625)",Jawa Timur,Jawa Timur,Kabupaten Sampang,Kabupaten,Kabupaten Sampang, Jawa Timur, Indonesia,-7.1913625,113.2473392
"POINT (112.7011172 -7.4500851)",Jawa Timur,Jawa Timur,Kabupaten Sidoarjo,Kabupaten,Kabupaten Sidoarjo, Jawa Timur, Indonesia,-7.4500851,112.7011172
"POINT (114.005579 -7.7062091)",Jawa Timur,Jawa Timur,Kabupaten Situbondo,Kabupaten,Kabupaten Situbondo, Jawa Timur, Indonesia,-7.7062091,114.005579
"POINT (113.8580259 -7.0097774)",Jawa Timur,Jawa Timur,Kabupaten Sumenep,Kabupaten,Kabupaten Sumenep, Jawa Timur, Indonesia,-7.0097774,113.8580259
"POINT (111.7058372 -8.0766313)",Jawa Timur,Jawa Timur,Kabupaten Trenggalek,Kabupaten,Kabupaten Trenggalek, Jawa Timur, Indonesia,-8.0766313,111.7058372
"POINT (112.0413311 -6.895143)",Jawa Timur,Jawa Timur,Kabupaten Tuban,Kabupaten,Kabupaten Tuban, Jawa Timur, Indonesia,-6.895143,112.0413311
"POINT (111.9624847 -8.0919247)",Jawa Timur,Jawa Timur,Kabupaten Tulungagung,Kabupaten,Kabupaten Tulungagung, Jawa Timur, Indonesia,-8.0919247,111.9624847
"POINT (112.526 -7.87)",Jawa Timur,Jawa Timur,Kota Batu,Kota,Kota Batu, Jawa Timur, Indonesia,-7.87,112.526
"POINT (112.1607283 -8.09557)",Jawa Timur,Jawa Timur,Kota Blitar,Kota,Kota Blitar, Jawa Timur, Indonesia,-8.09557,112.1607283
"POINT (112.0178 -7.848)",Jawa Timur,Jawa Timur,Kota Kediri,Kota,Kota Kediri, Jawa Timur, Indonesia,-7.848,112.0178
"POINT (111.5297425 -7.6313313)",Jawa Timur,Jawa Timur,Kota Madiun,Kota,Kota Madiun, Jawa Timur, Indonesia,-7.6313313,111.5297425
"POINT (112.6326 -7.9666)",Jawa Timur,Jawa Timur,Kota Malang,Kota,Kota Malang, Jawa Timur, Indonesia,-7.9666,112.6326
"POINT (112.4404231 -7.4706682)",Jawa Timur,Jawa Timur,Kota Mojokerto,Kota,Kota Mojokerto, Jawa Timur, Indonesia,-7.4706682,112.4404231
"POINT (112.8990886 -7.647852)",Jawa Timur,Jawa Timur,Kota Pasuruan,Kota,Kota Pasuruan, Jawa Timur, Indonesia,-7.647852,112.8990886
"POINT (113.2025105 -7.7776023)",Jawa Timur,Jawa Timur,Kota Probolinggo,Kota,Kota Probolinggo, Jawa Timur, Indonesia,-7.7776023,113.2025105
"POINT (112.7466069 -7.2629493)",Jawa Timur,Jawa Timur,Kota Surabaya,Kota,Kota Surabaya, Jawa Timur, Indonesia,-7.2629493,112.7466069
